,Thời gian,Tiêu đề,URL
0,(11/11/2025 00:00),CTG: Nghị quyết HĐQT về việc phê duyệt cập nhật phương án tăng vốn điều lệ,https://cafef.vn/du-lieu/CTG-2337499/ctg-nghi-quyet-hdqt-ve-viec-phe-duyet-cap-nhat-phuong-an-tang-von-dieu-le.chn?utm_source=du-lieu
1,(11/11/2025 00:00),CTG: HĐQT thông qua hợp đồng đại diện nhận TSBĐ và văn bản ủy quyền giữa Vietinbank và Vietinbank Lào,https://cafef.vn/du-lieu/CTG-2337629/ctg-hdqt-thong-qua-hop-dong-dai-dien-nhan-tsbd-va-van-ban-uy-quyen-giua-vietinbank-va-vietinbank-lao.chn?utm_source=du-lieu
2,(06/11/2025 00:00),CTG: Nghị quyết HĐQT phê duyệt chủ trương thay đổi địa điểm trụ sở Chi nhánh Hồng Bàng,https://cafef.vn/du-lieu/CTG-2336083/ctg-nghi-quyet-hdqt-phe-duyet-chu-truong-thay-doi-dia-diem-tru-so-chi-nhanh-hong-bang.chn?utm_source=du-lieu
3,(27/10/2025 00:00),CTG: Quyết định của TGĐ về việc thay đổi tên gọi Chi nhánh KCN Hải Dương và CN Quảng Nam,https://cafef.vn/du-lieu/CTG-2326844/ctg-quyet-dinh-cua-tgd-ve-viec-thay-doi-ten-goi-chi-nhanh-kcn-hai-duong-va-cn-quang-nam.chn?utm_source=du-lieu
4,(27/10/2025 00:00),CTG: Anh rể bà Đặng Thị Việt Hà - Phó tổng giám đốc đã bán 20.200 cp,https://cafef.vn/du-lieu/CTG-2326852/ctg-anh-re-ba-dang-thi-viet-ha-pho-tong-giam-doc-da-ban-20200-cp.chn?utm_source=du-lieu
5,(24/10/2025 07:32),"Những DN lớn nhất: Chỉ Vinamilk và ACV trả lương bình quân trên 30 triệu/tháng, cạnh tranh với Ngân hàng, công ty nào có thu nhập 70,5 triệu/tháng?",https://cafef.vn/nhung-dn-lon-nhat-chi-vinamilk-va-acv-tra-luong-binh-quan-tren-30-trieuthang-canh-tranh-voi-ngan-hang-cong-ty-nao-co-thu-nhap-705-trieuthang-188251024073257084.chn?utm_source=du-lieu
6,(17/10/2025 00:00),CTG: Nghị quyết HĐQT phê duyệt chủ trương thay đổi tên CN KCN Hải Dương và CN Quảng Nam,https://cafef.vn/du-lieu/CTG-2319720/ctg-nghi-quyet-hdqt-phe-duyet-chu-truong-thay-doi-ten-cn-kcn-hai-duong-va-cn-quang-nam.chn?utm_source=du-lieu
7,(17/10/2025 00:00),CTG: Nghị quyết HĐQT phê duyệt phương án tăng vốn điều lệ thông qua phát hành cổ phiếu để trả cổ tức,https://cafef.vn/du-lieu/CTG-2320575/ctg-nghi-quyet-hdqt-phe-duyet-phuong-an-tang-von-dieu-le-thong-qua-phat-hanh-co-phieu-de-tra-co-tuc.chn?utm_source=du-lieu
8,(09/10/2025 00:00),CTG: HĐQT thông qua hợp đồng bảo hiểm Lòng trung thành (BBB lớp dưới) với VBI,https://cafef.vn/du-lieu/CTG-2313576/ctg-hdqt-thong-qua-hop-dong-bao-hiem-long-trung-thanh-bbb-lop-duoi-voi-vbi.chn?utm_source=du-lieu
9,(08/10/2025 00:00),CTG: Báo cáo phát triển bền vững 2024,https://cafef.vn/du-lieu/CTG-2312641/ctg-bao-cao-phat-trien-ben-vung-2024.chn?utm_source=du-lieu
10,(08/10/2025 00:00),CTG: Đơn từ nhiệm của bà Phạm Thị Thơm - thành viên BKS,https://cafef.vn/du-lieu/CTG-2313515/ctg-don-tu-nhiem-cua-ba-pham-thi-thom-thanh-vien-bks.chn?utm_source=du-lieu
11,(07/10/2025 07:52),"'Đế chế' của ông Phạm Nhật Vượng chỉ có 37,3% nhân sự nữ nhưng các nữ tướng chiếm 59%, ngân hàng là 'thánh địa' của giới nữ ngoại trừ Sacombank",https://cafef.vn/de-che-cua-ong-pham-nhat-vuong-chi-co-373-nhan-su-nu-nhung-cac-nu-tuong-chiem-59-ngan-hang-la-thanh-dia-cua-gioi-nu-ngoai-tru-sacombank-188251007075236181.chn?utm_source=du-lieu
12,(03/10/2025 00:00),"CTG: 14.10.2025, ngày GDKHQ trả cổ tức năm 2024 bằng tiền (450 đ/cp)",https://cafef.vn/du-lieu/CTG-2310658/ctg-14102025-ngay-gdkhq-tra-co-tuc-nam-2024-bang-tien-450-dcp.chn?utm_source=du-lieu
13,(01/10/2025 10:10),VietinBank chốt ngày chi hơn 2.400 tỷ đồng trả cổ tức tiền mặt,https://cafef.vn/vietinbank-chot-ngay-chi-hon-2400-ty-dong-tra-co-tuc-tien-mat-188251001091021645.chn?utm_source=du-lieu
14,(30/09/2025 00:00),CTG: Nghị quyết HĐQT phê duyệt chủ trương thay đổi địa điểm đặt trụ sở Chi nhánh Bắc Thăng Long,https://cafef.vn/du-lieu/CTG-2307607/ctg-nghi-quyet-hdqt-phe-duyet-chu-truong-thay-doi-dia-diem-dat-tru-so-chi-nhanh-bac-thang-long.chn?utm_source=du-lieu
15,(30/09/2025 00:00),CTG: Nghị quyết HĐQT phê duyệt chi trả cổ tức năm 2024 bằng tiền,https://cafef.vn/du-lieu/CTG-2307609/ctg-nghi-quyet-hdqt-phe-duyet-chi-tra-co-tuc-nam-2024-bang-tien.chn?utm_source=du-lieu
16,(26/09/2025 00:00),CTG: Nghị quyết HĐQT số 376 ngày 26/09/2025,https://cafef.vn/du-lieu/CTG-2306480/ctg-nghi-quyet-hdqt-so-376-ngay-26092025.chn?utm_source=du-lieu
17,(17/09/2025 16:05),CTG: Báo cáo kết quả giao dịch cổ phiếu của người liên quan của Người nội bộ Đỗ Thị Thanh Thúy,https://cafef.vn/du-lieu/CTG-2298203/ctg-bao-cao-ket-qua-giao-dich-co-phieu-cua-nguoi-lien-quan-cua-nguoi-noi-bo-do-thi-thanh-thuy.chn?utm_source=du-lieu
18,(17/09/2025 15:58),CTG: Thông báo giao dịch cổ phiếu của người có liên quan đến người nội bộ Mai Xuân Hiền,https://cafef.vn/du-lieu/CTG-2298192/ctg-thong-bao-giao-dich-co-phieu-cua-nguoi-co-lien-quan-den-nguoi-noi-bo-mai-xuan-hien.chn?utm_source=du-lieu
19,(05/09/2025 00:00),CTG: Nghị quyết HĐQT thông qua văn bản sửa đổi bổ sung Hợp đồng đại lý bảo hiểm với VBI,https://cafef.vn/du-lieu/CTG-2291446/ctg-nghi-quyet-hdqt-thong-qua-van-ban-sua-doi-bo-sung-hop-dong-dai-ly-bao-hiem-voi-vbi.chn?utm_source=du-lieu
20,(03/09/2025 13:29),VietinBank lên kế hoạch lợi nhuận trước thuế 32.500 tỷ đồng,https://cafef.vn/vietinbank-len-ke-hoach-loi-nhuan-truoc-thue-32500-ty-dong-188250903132927359.chn?utm_source=du-lieu
21,(03/09/2025 00:00),"CTG: Nghị quyết HĐQT phê duyệt, công bố chính thức các chỉ tiêu kế hoạch KD năm 2025",https://cafef.vn/du-lieu/CTG-2289732/ctg-nghi-quyet-hdqt-phe-duyet-cong-bo-chinh-thuc-cac-chi-tieu-ke-hoach-kd-nam-2025.chn?utm_source=du-lieu
22,(30/08/2025 13:30),"Những yếu tố giúp VietinBank trở thành ""ngôi sao"" sáng nhất quý II/2025",https://cafef.vn/nhung-yeu-to-giup-vietinbank-tro-thanh-ngoi-sao-sang-nhat-quy-ii2025-188250830131634412.chn?utm_source=du-lieu
23,(27/08/2025 01:03),"Xoá bỏ độc quyền sản xuất vàng miếng, ngân hàng nào ""sáng cửa"" tham gia?",https://cafef.vn/xoa-bo-doc-quyen-san-xuat-vang-mieng-ngan-hang-nao-sang-cua-tham-gia-188250827010331959.chn?utm_source=du-lieu
24,(26/08/2025 00:00),CTG: Nghị quyết HĐQT phê duyệt thay đổi và sử dụng mẫu dấu của Vietinbank,https://cafef.vn/du-lieu/CTG-2283846/ctg-nghi-quyet-hdqt-phe-duyet-thay-doi-va-su-dung-mau-dau-cua-vietinbank.chn?utm_source=du-lieu
25,(26/08/2025 00:00),CTG: HĐQT thông qua hợp đồng khung tiền gửi bằng VND với MUFG - CN. TpHCM,https://cafef.vn/du-lieu/CTG-2283848/ctg-hdqt-thong-qua-hop-dong-khung-tien-gui-bang-vnd-voi-mufg-cn-tphcm.chn?utm_source=du-lieu
26,(26/08/2025 00:00),CTG: HĐQT thông qua hợp đồng hạn mức giao dịch gửi tiền trên TT liên NH và hợp đồng hạn mức giao dịch ngoại tệ với MUFG - CN. TpHCM,https://cafef.vn/du-lieu/CTG-2283855/ctg-hdqt-thong-qua-hop-dong-han-muc-giao-dich-gui-tien-tren-tt-lien-nh-va-hop-dong-han-muc-giao-dich-ngoai-te-voi-mufg-cn-tphcm.chn?utm_source=du-lieu
27,(21/08/2025 00:00),CTG: HĐQT thông qua hợp đồng bảo hiểm tiền gửi với VBI,https://cafef.vn/du-lieu/CTG-2281317/ctg-hdqt-thong-qua-hop-dong-bao-hiem-tien-gui-voi-vbi.chn?utm_source=du-lieu
28,(21/08/2025 00:00),CTG: Thông báo nhận được Quyết định của Chi cục thuế doanh nghiệp lớn về việc xử phạt vi phạm hành chính về thuế,https://cafef.vn/du-lieu/CTG-2281386/ctg-thong-bao-nhan-duoc-quyet-dinh-cua-chi-cuc-thue-doanh-nghiep-lon-ve-viec-xu-phat-vi-pham-hanh-chinh-ve-thue.chn?utm_source=du-lieu
29,(20/08/2025 00:05),Lần đầu tiên trong lịch sử Việt Nam có 10 ngân hàng vốn hóa trên 100.000 tỷ,https://cafef.vn/lan-dau-tien-trong-lich-su-viet-nam-co-10-ngan-hang-von-hoa-tren-100000-ty-188250819225033748.chn?utm_source=du-lieu
30,(20/08/2025 00:00),CTG: HĐQT thông qua mẫu đề nghị mở tài khoản Nostro tại Vietinbank Lào,https://cafef.vn/du-lieu/CTG-2279901/ctg-hdqt-thong-qua-mau-de-nghi-mo-tai-khoan-nostro-tai-vietinbank-lao.chn?utm_source=du-lieu
31,(19/08/2025 00:00),CTG: HĐQT thông qua hợp đồng bảo hiểm sức khỏe cao cấp VBI Premier Care với VBI,https://cafef.vn/du-lieu/CTG-2278204/ctg-hdqt-thong-qua-hop-dong-bao-hiem-suc-khoe-cao-cap-vbi-premier-care-voi-vbi.chn?utm_source=du-lieu
32,(18/08/2025 00:00),CTG: Quyết định về việc thay đổi địa chỉ đặt trụ sở Chi nhánh Cao Bằng,https://cafef.vn/du-lieu/CTG-2277232/ctg-quyet-dinh-ve-viec-thay-doi-dia-chi-dat-tru-so-chi-nhanh-cao-bang.chn?utm_source=du-lieu
33,(15/08/2025 00:00),CTG: Giải trình biến động lợi nhuận trên BCTC soát xét bán niên năm 2025 so với cùng kỳ năm trước,https://cafef.vn/du-lieu/CTG-2271592/ctg-giai-trinh-bien-dong-loi-nhuan-tren-bctc-soat-xet-ban-nien-nam-2025-so-voi-cung-ky-nam-truoc.chn?utm_source=du-lieu
34,(14/08/2025 00:00),CTG: Quyết định về việc thay đổi tên chi nhánh KCN Bình Dương,https://cafef.vn/du-lieu/CTG-2271478/ctg-quyet-dinh-ve-viec-thay-doi-ten-chi-nhanh-kcn-binh-duong.chn?utm_source=du-lieu
35,(13/08/2025 00:00),CTG: Nghị quyết HĐQT phê duyệt chủ trương thay đổi địa điểm đặt trụ sở Chi nhánh Cao Bằng,https://cafef.vn/du-lieu/CTG-2269678/ctg-nghi-quyet-hdqt-phe-duyet-chu-truong-thay-doi-dia-diem-dat-tru-so-chi-nhanh-cao-bang.chn?utm_source=du-lieu
36,(12/08/2025 00:00),CTG: Thông báo thay đổi Giấy phép thành lập và hoạt động,https://cafef.vn/du-lieu/CTG-2269621/ctg-thong-bao-thay-doi-giay-phep-thanh-lap-va-hoat-dong.chn?utm_source=du-lieu
37,(11/08/2025 00:00),CTG: Nghị quyết HĐQT phê duyệt chủ trương thay đổi tên gọi Chi nhánh KCN Bình Dương,https://cafef.vn/du-lieu/CTG-2269469/ctg-nghi-quyet-hdqt-phe-duyet-chu-truong-thay-doi-ten-goi-chi-nhanh-kcn-binh-duong.chn?utm_source=du-lieu
38,(07/08/2025 00:00),"CTG: Nghị quyết HĐQT thông qua phương án phát hành, sử dụng và trả nợ vốn thu được từ các đợt phát hành trái phiếu ra công chúng",https://cafef.vn/du-lieu/CTG-2268469/ctg-nghi-quyet-hdqt-thong-qua-phuong-an-phat-hanh-su-dung-va-tra-no-von-thu-duoc-tu-cac-dot-phat-hanh-trai-phieu-ra-cong-chung.chn?utm_source=du-lieu
39,(02/08/2025 09:13),"20 doanh nghiệp niêm yết lãi lớn nhất 6T2025: 60% là ngân hàng, 15% là bất động sản, chỉ có 1 DN sản xuất",https://cafef.vn/20-doanh-nghiep-niem-yet-lai-lon-nhat-6t2025-60-la-ngan-hang-15-la-bat-dong-san-chi-co-1-dn-san-xuat-188250802085619235.chn?utm_source=du-lieu
40,(28/07/2025 00:00),CTG: Báo cáo tình hình quản trị công ty 06 tháng đầu năm 2025,https://cafef.vn/du-lieu/CTG-2270816/ctg-bao-cao-tinh-hinh-quan-tri-cong-ty-06-thang-dau-nam-2025.chn?utm_source=du-lieu
41,(24/07/2025 00:00),CTG: CBTT ngày giao dịch đầu tiên trái phiếu niêm yết của Vietinbank tại HNX,https://cafef.vn/du-lieu/CTG-2255766/ctg-cbtt-ngay-giao-dich-dau-tien-trai-phieu-niem-yet-cua-vietinbank-tai-hnx.chn?utm_source=du-lieu
42,(23/07/2025 00:00),"CTG: Báo cáo định kỳ tình hình thanh toán gốc, lãi trái phiếu doanh nghiệp phát hành ra công chúng 6 tháng đầu năm 2025",https://cafef.vn/du-lieu/CTG-2252446/ctg-bao-cao-dinh-ky-tinh-hinh-thanh-toan-goc-lai-trai-phieu-doanh-nghiep-phat-hanh-ra-cong-chung-6-thang-dau-nam-2025.chn?utm_source=du-lieu
43,(21/07/2025 00:00),CTG: Báo cáo tiến độ sử dụng vốn thu được từ đợt chào bán trái phiếu ra công chúng,https://cafef.vn/du-lieu/CTG-2253181/ctg-bao-cao-tien-do-su-dung-von-thu-duoc-tu-dot-chao-ban-trai-phieu-ra-cong-chung.chn?utm_source=du-lieu
44,(15/07/2025 00:00),CTG: CBTT các quyết định chấp thuận niêm yết trái phiếu Vietinbank tại HNX,https://cafef.vn/du-lieu/CTG-2246371/ctg-cbtt-cac-quyet-dinh-chap-thuan-niem-yet-trai-phieu-vietinbank-tai-hnx.chn?utm_source=du-lieu
45,(02/07/2025 07:03),"Cuộc đua vốn hóa 25 năm: Một công ty thủy điện từng giữ ngôi vua trước khi những 'gã khổng lồ' FPT, Vinamilk, Vietcombank 'tràn' lên sàn",https://cafef.vn/cuoc-dua-von-hoa-25-nam-mot-cong-ty-thuy-dien-tung-giu-ngoi-vua-truoc-khi-nhung-ga-khong-lo-fpt-vinamilk-vietcombank-tran-len-san-188250702070405395.chn?utm_source=du-lieu
46,(30/06/2025 00:00),CTG: HĐQT thông qua hợp đồng bảo hiểm BBB & ECC với VBI,https://cafef.vn/du-lieu/CTG-2234649/ctg-hdqt-thong-qua-hop-dong-bao-hiem-bbb--ecc-voi-vbi.chn?utm_source=du-lieu
47,(27/06/2025 00:12),CTCK dự báo lợi nhuận loạt ngân hàng lớn,https://cafef.vn/ctck-du-bao-loi-nhuan-loat-ngan-hang-lon-188250626234831135.chn?utm_source=du-lieu
48,(24/06/2025 00:00),CTG: Quyết định về việc thay đổi địa điểm đặt trụ sở Chi nhánh Thủ Đức,https://cafef.vn/du-lieu/CTG-2229609/ctg-quyet-dinh-ve-viec-thay-doi-dia-diem-dat-tru-so-chi-nhanh-thu-duc.chn?utm_source=du-lieu
49,(20/06/2025 00:00),CTG: HĐQT thông qua hợp đồng hạn mức giao dịch tiền gửi trên thị trường liên ngân hàng với Vietinbank Lào,https://cafef.vn/du-lieu/CTG-2227995/ctg-hdqt-thong-qua-hop-dong-han-muc-giao-dich-tien-gui-tren-thi-truong-lien-ngan-hang-voi-vietinbank-lao.chn?utm_source=du-lieu
50,(19/06/2025 11:08),"CTCK dự báo lợi nhuận quý 2 của 11 ngân hàng: Sacombank, VietinBank, MB, VPBank, BIDV có thể tăng trưởng 2 chữ số",https://cafef.vn/ctck-du-bao-loi-nhuan-quy-2-cua-11-ngan-hang-sacombank-vietinbank-mb-vpbank-bidv-co-the-tang-truong-2-chu-so-188250619105742072.chn?utm_source=du-lieu
51,(19/06/2025 00:00),CTG: HĐQT thông qua nội dung văn bản sửa đổi bổ sung Hợp đồng Đại lý bảo hiểm với VBI,https://cafef.vn/du-lieu/CTG-2225885/ctg-hdqt-thong-qua-noi-dung-van-ban-sua-doi-bo-sung-hop-dong-dai-ly-bao-hiem-voi-vbi.chn?utm_source=du-lieu
52,(16/06/2025 00:00),CTG: HĐQT thông qua hợp đồng hạn mức giao dịch trên thị trường liên ngân hàng với Vietinbank Leasing,https://cafef.vn/du-lieu/CTG-2223135/ctg-hdqt-thong-qua-hop-dong-han-muc-giao-dich-tren-thi-truong-lien-ngan-hang-voi-vietinbank-leasing.chn?utm_source=du-lieu
53,(12/06/2025 00:00),CTG: HĐQT thông qua hợp đồng hạn mức giao dịch trên thị trường liên ngân hàng với Indovina,https://cafef.vn/du-lieu/CTG-2219566/ctg-hdqt-thong-qua-hop-dong-han-muc-giao-dich-tren-thi-truong-lien-ngan-hang-voi-indovina.chn?utm_source=du-lieu
54,(05/06/2025 00:01),Các tổ chức Công đoàn nắm giữ lượng cổ phiếu trị giá hàng nghìn tỷ trên sàn chứng khoán,https://cafef.vn/cac-to-chuc-cong-doan-nam-giu-luong-co-phieu-tri-gia-hang-nghin-ty-tren-san-chung-khoan-188250604220354877.chn?utm_source=du-lieu
55,(29/05/2025 00:00),"CTG: Bổ nhiệm ông Dương Văn Quân, bà Nguyễn Bảo Thanh Vân, bà Đặng Thị Việt Hà giữ chức Phó Tổng Giám đốc từ 28.5.2025",https://cafef.vn/du-lieu/CTG-2211302/ctg-bo-nhiem-ong-duong-van-quan-ba-nguyen-bao-thanh-van-ba-dang-thi-viet-ha-giu-chuc-pho-tong-giam-doc-tu-2852025.chn?utm_source=du-lieu
56,(26/05/2025 00:00),CTG: Thông báo về việc thay đổi người đại diện phần vốn Nhà nước tại VietinBank,https://cafef.vn/du-lieu/CTG-2206765/ctg-thong-bao-ve-viec-thay-doi-nguoi-dai-dien-phan-von-nha-nuoc-tai-vietinbank.chn?utm_source=du-lieu
57,(26/05/2025 00:00),CTG: Thông báo về việc ký hợp đồng kiểm toán BCTC năm 2025,https://cafef.vn/du-lieu/CTG-2207584/ctg-thong-bao-ve-viec-ky-hop-dong-kiem-toan-bctc-nam-2025.chn?utm_source=du-lieu
58,(19/05/2025 00:01),"“MAG-7 chứng khoán Việt Nam”: 4 ngân hàng và 3 cổ phiếu “họ” Vingroup, tổng vốn hóa gần 1,9 triệu tỷ đồng",https://cafef.vn/mag7-chung-khoan-viet-nam-4-ngan-hang-va-3-co-phieu-ho-vingroup-tong-von-hoa-gan-19-trieu-ty-dong-188250518223626178.chn?utm_source=du-lieu
59,(16/05/2025 00:00),CTG: HĐQT thông qua Phụ lục Hợp đồng tư vấn chuyển nhượng vốn tại SGP với CTS,https://cafef.vn/du-lieu/CTG-2198998/ctg-hdqt-thong-qua-phu-luc-hop-dong-tu-van-chuyen-nhuong-von-tai-sgp-voi-cts.chn?utm_source=du-lieu
60,(09/05/2025 00:00),CTG: Thông báo về ngày giao dịch đầu tiên trái phiếu niêm yết tại HNX,https://cafef.vn/du-lieu/CTG-2201299/ctg-thong-bao-ve-ngay-giao-dich-dau-tien-trai-phieu-niem-yet-tai-hnx.chn?utm_source=du-lieu
61,(08/05/2025 00:00),CTG: Nghị quyết HĐQT phê duyệt phương án mua lại trước hạn trái phiếu thứ cấp năm 2025,https://cafef.vn/du-lieu/CTG-2200584/ctg-nghi-quyet-hdqt-phe-duyet-phuong-an-mua-lai-truoc-han-trai-phieu-thu-cap-nam-2025.chn?utm_source=du-lieu
62,(07/05/2025 00:00),CTG: Quyết định về việc thay đổi địa điểm trụ sở Chi nhánh Bà Rịa - Vũng Tàu,https://cafef.vn/du-lieu/CTG-2197156/ctg-quyet-dinh-ve-viec-thay-doi-dia-diem-tru-so-chi-nhanh-ba-ria-vung-tau.chn?utm_source=du-lieu
63,(06/05/2025 00:00),CTG: Quyết định của HĐQT về việc thay đổi địa điểm đặt trụ sở Chi nhánh Sa Đéc và Tây Tiền Giang,https://cafef.vn/du-lieu/CTG-2196535/ctg-quyet-dinh-cua-hdqt-ve-viec-thay-doi-dia-diem-dat-tru-so-chi-nhanh-sa-dec-va-tay-tien-giang.chn?utm_source=du-lieu
64,(05/05/2025 00:00),CTG: Quyết định của NHNN Việt Nam về việc bổ sung nội dung hoạt động vào Giấy phép thành lập và hoạt động của CTG,https://cafef.vn/du-lieu/CTG-2196330/ctg-quyet-dinh-cua-nhnn-viet-nam-ve-viec-bo-sung-noi-dung-hoat-dong-vao-giay-phep-thanh-lap-va-hoat-dong-cua-ctg.chn?utm_source=du-lieu
65,(28/04/2025 00:00),CTG: Nghị quyết HĐQT phê duyệt chủ trương thay đổi địa điểm trụ sở chi nhánh Sa Đéc và Chi nhánh Tây Tiền Giang,https://cafef.vn/du-lieu/CTG-2195437/ctg-nghi-quyet-hdqt-phe-duyet-chu-truong-thay-doi-dia-diem-tru-so-chi-nhanh-sa-dec-va-chi-nhanh-tay-tien-giang.chn?utm_source=du-lieu
66,(25/04/2025 00:00),CTG: Thông báo nhận được các Quyết định của Sở Giao dịch Chứng khoán Hà Nội về việc chấp thuận niêm yết trái phiếu,https://cafef.vn/du-lieu/CTG-2191225/ctg-thong-bao-nhan-duoc-cac-quyet-dinh-cua-so-giao-dich-chung-khoan-ha-noi-ve-viec-chap-thuan-niem-yet-trai-phieu.chn?utm_source=du-lieu
67,(24/04/2025 00:00),CTG: Nghị quyết HĐQT phê duyệt chủ trương thay đổi địa điểm trụ sở chi nhánh Bà Rịa - Vũng Tàu,https://cafef.vn/du-lieu/CTG-2190269/ctg-nghi-quyet-hdqt-phe-duyet-chu-truong-thay-doi-dia-diem-tru-so-chi-nhanh-ba-ria-vung-tau.chn?utm_source=du-lieu
68,(22/04/2025 00:00),CTG: HĐQT thông qua hợp đồng đại diện nhận TSBĐ và văn bản ủy quyền giữa Vietinbank và Vietinbank Lào,https://cafef.vn/du-lieu/CTG-2180099/ctg-hdqt-thong-qua-hop-dong-dai-dien-nhan-tsbd-va-van-ban-uy-quyen-giua-vietinbank-va-vietinbank-lao.chn?utm_source=du-lieu
69,(22/04/2025 00:00),CTG: Nghị quyết HĐQT phê duyệt phương án phát hành trái phiếu tăng vốn cấp 2 theo hình thức riêng lẻ năm 2025,https://cafef.vn/du-lieu/CTG-2185973/ctg-nghi-quyet-hdqt-phe-duyet-phuong-an-phat-hanh-trai-phieu-tang-von-cap-2-theo-hinh-thuc-rieng-le-nam-2025.chn?utm_source=du-lieu
70,(21/04/2025 00:00),CTG: Biên bản họp và Nghị quyết ĐHĐCĐ thường niên năm 2025,https://cafef.vn/du-lieu/CTG-2180351/ctg-bien-ban-hop-va-nghi-quyet-dhdcd-thuong-nien-nam-2025.chn?utm_source=du-lieu
71,(21/04/2025 00:00),CTG: Thông báo thay đổi nhân sự,https://cafef.vn/du-lieu/CTG-2184207/ctg-thong-bao-thay-doi-nhan-su.chn?utm_source=du-lieu
72,(17/04/2025 00:00),"CTG: Cập nhật, bổ sung tài liệu họp ĐHĐCĐ thường niên năm 2025",https://cafef.vn/du-lieu/CTG-2182397/ctg-cap-nhat-bo-sung-tai-lieu-hop-dhdcd-thuong-nien-nam-2025.chn?utm_source=du-lieu
73,(17/04/2025 00:00),CTG: Báo cáo kết quả chào bán trái phiếu ra công chúng đợt 2,https://cafef.vn/du-lieu/CTG-2182404/ctg-bao-cao-ket-qua-chao-ban-trai-phieu-ra-cong-chung-dot-2.chn?utm_source=du-lieu
74,(01/04/2025 00:00),CTG: Đính chính thông tin trình bày trong thuyết minh BCTC năm 2024 đã kiểm toán,https://cafef.vn/du-lieu/CTG-2162461/ctg-dinh-chinh-thong-tin-trinh-bay-trong-thuyet-minh-bctc-nam-2024-da-kiem-toan.chn?utm_source=du-lieu
75,(31/03/2025 00:00),CTG: Nghị quyết HĐQT về việc phê duyệt điều chỉnh thời gian họp ĐHĐCĐ thường niên 2025,https://cafef.vn/du-lieu/CTG-2162061/ctg-nghi-quyet-hdqt-ve-viec-phe-duyet-dieu-chinh-thoi-gian-hop-dhdcd-thuong-nien-2025.chn?utm_source=du-lieu
76,(28/03/2025 00:00),CTG: HĐQT thông qua dự thảo nội dung hợp đồng đặt lệnh GDCK cho nhà đầu tư LK với CTS,https://cafef.vn/du-lieu/CTG-2160365/ctg-hdqt-thong-qua-du-thao-noi-dung-hop-dong-dat-lenh-gdck-cho-nha-dau-tu-lk-voi-cts.chn?utm_source=du-lieu
77,(18/03/2025 00:00),CTG: Thông báo phát hành trái phiếu ra công chúng đợt 2,https://cafef.vn/du-lieu/CTG-2153134/ctg-thong-bao-phat-hanh-trai-phieu-ra-cong-chung-dot-2.chn?utm_source=du-lieu
78,(12/03/2025 13:10),"""Ông lớn"" Big4 VietinBank muốn chia cổ tức bằng cổ phiếu với tỷ lệ 44,6%, cao nhất từ trước đến nay",https://cafef.vn/ong-lon-big4-vietinbank-muon-chia-co-tuc-bang-co-phieu-voi-ty-le-446-cao-nhat-tu-truoc-den-nay-188250312131030956.chn?utm_source=du-lieu
79,(11/03/2025 00:00),CTG: Nghị quyết HĐQT phê duyệt chủ trương thay đổi địa điểm đặt trụ sở chi nhánh Thủ Đức,https://cafef.vn/du-lieu/CTG-2147838/ctg-nghi-quyet-hdqt-phe-duyet-chu-truong-thay-doi-dia-diem-dat-tru-so-chi-nhanh-thu-duc.chn?utm_source=du-lieu
80,(11/03/2025 00:00),CTG: Tài liệu họp ĐHĐCĐ thường niên năm 2025,https://cafef.vn/du-lieu/CTG-2147839/ctg-tai-lieu-hop-dhdcd-thuong-nien-nam-2025.chn?utm_source=du-lieu
81,(05/03/2025 00:00),CTG: Giải trình biến động lợi nhuận trên BCTC kiểm toán năm 2024,https://cafef.vn/du-lieu/CTG-2143582/ctg-giai-trinh-bien-dong-loi-nhuan-tren-bctc-kiem-toan-nam-2024.chn?utm_source=du-lieu
82,(03/03/2025 00:00),"CTG: HĐQT thông qua nội dung mẫu hợp đồng tư vấn ba bên giữa khách hàng, Vietinbank và CTS",https://cafef.vn/du-lieu/CTG-2141925/ctg-hdqt-thong-qua-noi-dung-mau-hop-dong-tu-van-ba-ben-giua-khach-hang-vietinbank-va-cts.chn?utm_source=du-lieu
83,(03/03/2025 00:00),CTG: Thông báo thay đổi giấy phép thành lập và hoạt động,https://cafef.vn/du-lieu/CTG-2141945/ctg-thong-bao-thay-doi-giay-phep-thanh-lap-va-hoat-dong.chn?utm_source=du-lieu
84,(28/02/2025 00:00),CTG: HĐQT thông qua hợp đồng hạn mức giao dịch ngoại tệ với Vietinbank Lào,https://cafef.vn/du-lieu/CTG-2139877/ctg-hdqt-thong-qua-hop-dong-han-muc-giao-dich-ngoai-te-voi-vietinbank-lao.chn?utm_source=du-lieu
85,(28/02/2025 00:00),CTG: Thông báo Quyết định của NHNNVN về việc bổ sung nội dung hoạt động vào Giấy phép thành lập và hoạt động của CTG,https://cafef.vn/du-lieu/CTG-2140416/ctg-thong-bao-quyet-dinh-cua-nhnnvn-ve-viec-bo-sung-noi-dung-hoat-dong-vao-giay-phep-thanh-lap-va-hoat-dong-cua-ctg.chn?utm_source=du-lieu
86,(21/02/2025 00:00),"CTG: 6.3.2025, ngày GDKHQ tổ chức ĐHĐCĐ thường niên năm 2025",https://cafef.vn/du-lieu/CTG-2136925/ctg-632025-ngay-gdkhq-to-chuc-dhdcd-thuong-nien-nam-2025.chn?utm_source=du-lieu
87,(20/02/2025 00:00),CTG: Quyết định của TGĐ về việc thay đổi địa điểm trụ sở Chi nhánh Bắc Đà Nẵng,https://cafef.vn/du-lieu/CTG-2134628/ctg-quyet-dinh-cua-tgd-ve-viec-thay-doi-dia-diem-tru-so-chi-nhanh-bac-da-nang.chn?utm_source=du-lieu
88,(18/02/2025 00:00),CTG: Nghị quyết HĐQT thông qua phương án phân phối lợi nhuận năm 2023,https://cafef.vn/du-lieu/CTG-2132984/ctg-nghi-quyet-hdqt-thong-qua-phuong-an-phan-phoi-loi-nhuan-nam-2023.chn?utm_source=du-lieu
89,(14/02/2025 00:00),CTG: Nghị quyết HĐQT phê duyệt tổ chức họp ĐHĐCĐ thường niên 2025,https://cafef.vn/du-lieu/CTG-2130898/ctg-nghi-quyet-hdqt-phe-duyet-to-chuc-hop-dhdcd-thuong-nien-2025.chn?utm_source=du-lieu
90,(09/02/2025 08:57),"Top 50 lợi nhuận 2024 vẫn là cuộc áp đảo của ngân hàng và BĐS, BSR, KBC, HAG, NVL 'biến mất' trong khi 2 công ty họ GELEX trỗi dậy",https://cafef.vn/top-50-loi-nhuan-2024-van-la-cuoc-ap-dao-cua-ngan-hang-va-bds-bsr-kbc-hag-nvl-bien-mat-trong-khi-2-cong-ty-ho-gelex-troi-day-188250209085725353.chn?utm_source=du-lieu
91,(07/02/2025 00:31),"Cuộc đua lợi nhuận ngân hàng: VietinBank bứt phá chấm dứt chuỗi 900 ngày thống trị của Vietcombank, có tới 8 nhà băng lập kỷ lục",https://cafef.vn/cuoc-dua-loi-nhuan-ngan-hang-vietinbank-but-pha-cham-dut-chuoi-900-ngay-thong-tri-cua-vietcombank-co-toi-8-nha-bang-lap-ky-luc-188250207003146149.chn?utm_source=du-lieu
92,(24/01/2025 00:00),"CTG: Báo cáo định kỳ tình hình thanh toán gốc, lãi trái phiếu doanh nghiệp phát hành ra công chúng năm 2024",https://cafef.vn/du-lieu/CTG-2120559/ctg-bao-cao-dinh-ky-tinh-hinh-thanh-toan-goc-lai-trai-phieu-doanh-nghiep-phat-hanh-ra-cong-chung-nam-2024.chn?utm_source=du-lieu
93,(24/01/2025 00:00),CTG: Báo cáo tình hình quản trị công ty năm 2024,https://cafef.vn/du-lieu/CTG-2134253/ctg-bao-cao-tinh-hinh-quan-tri-cong-ty-nam-2024.chn?utm_source=du-lieu
94,(20/01/2025 00:03),"Bản đồ tỷ đô tại Hà Nội: Hoàn Kiếm là địa bàn của nhóm Ngân hàng, 1 công ty họ Vingroup chuyển nhà phút chót, lý do FPT 'ôm' Cầu Giấy",https://cafef.vn/ban-do-ty-do-tai-ha-noi-hoan-kiem-la-dia-ban-cua-nhom-ngan-hang-1-cong-ty-ho-vingroup-chuyen-nha-phut-chot-ly-do-fpt-om-cau-giay-188250119215141865.chn?utm_source=du-lieu
95,(20/01/2025 00:00),"CTG: HĐQT thông qua Hợp đồng hợp tác ba bên giữa VietinBank với VBI và đối tác, Phụ lục Hợp đồng đại lý bảo hiểm với VBI",https://cafef.vn/du-lieu/CTG-2118392/ctg-hdqt-thong-qua-hop-dong-hop-tac-ba-ben-giua-vietinbank-voi-vbi-va-doi-tac-phu-luc-hop-dong-dai-ly-bao-hiem-voi-vbi.chn?utm_source=du-lieu
96,(17/01/2025 00:00),CTG: CBTT cử người đại điện phần vốn Nhà nước tại Vietinbank,https://cafef.vn/du-lieu/CTG-2117115/ctg-cbtt-cu-nguoi-dai-dien-phan-von-nha-nuoc-tai-vietinbank.chn?utm_source=du-lieu
97,(17/01/2025 00:00),CTG: Báo cáo kết quả chào bán trái phiếu ra công chúng đợt 1,https://cafef.vn/du-lieu/CTG-2117673/ctg-bao-cao-ket-qua-chao-ban-trai-phieu-ra-cong-chung-dot-1.chn?utm_source=du-lieu
98,(10/01/2025 00:00),CTG: HĐQT thông qua Văn bản ủy quyền và Hợp đồng đại diện nhận TSBĐ với VietinBank Lào,https://cafef.vn/du-lieu/CTG-2114232/ctg-hdqt-thong-qua-van-ban-uy-quyen-va-hop-dong-dai-dien-nhan-tsbd-voi-vietinbank-lao.chn?utm_source=du-lieu
99,(02/01/2025 00:00),CTG: HĐQT thông qua Văn bản sửa đổi Phụ lục Hợp đồng ủy quyền bán vàng miếng với VGJ,https://cafef.vn/du-lieu/CTG-2108748/ctg-hdqt-thong-qua-van-ban-sua-doi-phu-luc-hop-dong-uy-quyen-ban-vang-mieng-voi-vgj.chn?utm_source=du-lieu
100,(27/12/2024 00:00),CTG: Nghị quyết HĐQT về việc công tác mạng lưới,https://cafef.vn/du-lieu/CTG-2106318/ctg-nghi-quyet-hdqt-ve-viec-cong-tac-mang-luoi.chn?utm_source=du-lieu
101,(27/12/2024 00:00),CTG: Quyết định của TGĐ về việc thay đổi tên Chi nhánh Thừa Thiên Huế và Chi nhánh Nam Thừa Thiên Huế,https://cafef.vn/du-lieu/CTG-2106325/ctg-quyet-dinh-cua-tgd-ve-viec-thay-doi-ten-chi-nhanh-thua-thien-hue-va-chi-nhanh-nam-thua-thien-hue.chn?utm_source=du-lieu
102,(26/12/2024 00:00),CTG: HĐQT thông qua hợp đồng khung mua bán hàng hóa với VietinBank Gold & Jewellery,https://cafef.vn/du-lieu/CTG-2105731/ctg-hdqt-thong-qua-hop-dong-khung-mua-ban-hang-hoa-voi-vietinbank-gold--jewellery.chn?utm_source=du-lieu
103,(26/12/2024 00:00),CTG: HĐQT thông qua hợp đồng bảo hiểm Cyber Risk với VBI,https://cafef.vn/du-lieu/CTG-2105732/ctg-hdqt-thong-qua-hop-dong-bao-hiem-cyber-risk-voi-vbi.chn?utm_source=du-lieu
104,(25/12/2024 16:47),"Cổ phiếu Vietinbank (CTG), Sacombank (STB) được “gom” mạnh trong ngày thị trường “thăng hoa”, VN-Index đạt 1.274,04 điểm",https://cafef.vn/co-phieu-vietinbank-ctg-sacombank-stb-duoc-gom-manh-trong-ngay-thi-truong-thang-hoa-vnindex-dat-127404-diem-188241225164807437.chn?utm_source=du-lieu
105,(25/12/2024 15:35),Cổ phiếu VietinBank lên cao nhất lịch sử,https://cafef.vn/co-phieu-vietinbank-len-cao-nhat-lich-su-188241225153633639.chn?utm_source=du-lieu
106,(19/12/2024 00:00),CTG: CBTT chào bán Trái phiếu ra công chúng đợt 1,https://cafef.vn/du-lieu/CTG-2101887/ctg-cbtt-chao-ban-trai-phieu-ra-cong-chung-dot-1.chn?utm_source=du-lieu
107,(18/12/2024 00:00),CTG: Giấy chứng nhận đăng ký chào bán trái phiếu ra công chúng,https://cafef.vn/du-lieu/CTG-2101356/ctg-giay-chung-nhan-dang-ky-chao-ban-trai-phieu-ra-cong-chung.chn?utm_source=du-lieu
108,(18/12/2024 00:00),CTG: Miễn nhiệm ông Nguyễn Đình Vinh - Phó Tổng giám đốc từ 18.12.2024,https://cafef.vn/du-lieu/CTG-2101378/ctg-mien-nhiem-ong-nguyen-dinh-vinh-pho-tong-giam-doc-tu-18122024.chn?utm_source=du-lieu
109,(17/12/2024 00:00),"CTG: HĐQT thông qua văn bản sửa đổi, bổ sung hợp đồng đại lý bảo hiểm giữa Vietinbank với VBI",https://cafef.vn/du-lieu/CTG-2100751/ctg-hdqt-thong-qua-van-ban-sua-doi-bo-sung-hop-dong-dai-ly-bao-hiem-giua-vietinbank-voi-vbi.chn?utm_source=du-lieu
110,(04/12/2024 00:00),CTG: Nghị quyết HĐQT phê duyệt chủ trương thay đổi địa điểm đặt trụ sở Chi nhánh Bắc Đà Nẵng,https://cafef.vn/du-lieu/CTG-2094338/ctg-nghi-quyet-hdqt-phe-duyet-chu-truong-thay-doi-dia-diem-dat-tru-so-chi-nhanh-bac-da-nang.chn?utm_source=du-lieu
111,(03/12/2024 00:00),CTG: HĐQT thông qua hợp đồng hạn mức giao dịch cho vay/gửi tiền trên thị trường liên Ngân hàng với IVB,https://cafef.vn/du-lieu/CTG-2093737/ctg-hdqt-thong-qua-hop-dong-han-muc-giao-dich-cho-vaygui-tien-tren-thi-truong-lien-ngan-hang-voi-ivb.chn?utm_source=du-lieu
112,(29/11/2024 00:00),CTG: HĐQT thông qua Hợp đồng mua bảo hiểm xe cơ giới với VBI Thăng Long,https://cafef.vn/du-lieu/CTG-2091831/ctg-hdqt-thong-qua-hop-dong-mua-bao-hiem-xe-co-gioi-voi-vbi-thang-long.chn?utm_source=du-lieu
113,(29/11/2024 00:00),CTG: HĐQT thông qua Hợp đồng bảo hiểm sức khỏe VBI Care với VBI,https://cafef.vn/du-lieu/CTG-2091832/ctg-hdqt-thong-qua-hop-dong-bao-hiem-suc-khoe-vbi-care-voi-vbi.chn?utm_source=du-lieu
114,(20/11/2024 00:00),"CTG: Quyết định điều chỉnh, bổ sung chi tiết Phương án phát hành, phương án trả nợ vốn thu được từ các đợt phát hành trái phiếu ra công chúng năm 2024",https://cafef.vn/du-lieu/CTG-2087356/ctg-quyet-dinh-dieu-chinh-bo-sung-chi-tiet-phuong-an-phat-hanh-phuong-an-tra-no-von-thu-duoc-tu-cac-dot-phat-hanh-trai-phieu-ra-cong-chung-nam-2024.chn?utm_source=du-lieu
115,(01/11/2024 07:37),"Những cái tên lãi lớn nhất sàn chứng khoán quý 3/2024: Vinhomes 'đòi' lại ngôi vương, một cái tên gây bất ngờ",https://cafef.vn/nhung-cai-ten-lai-lon-nhat-san-chung-khoan-quy-32024-vinhomes-doi-lai-ngoi-vuong-mot-cai-ten-gay-bat-ngo-188241101073751618.chn?utm_source=du-lieu
116,(31/10/2024 00:00),CTG: Quyết định về việc thay đổi địa điểm đặt trụ sở Chi nhánh Tây Thăng Long,https://cafef.vn/du-lieu/CTG-2077803/ctg-quyet-dinh-ve-viec-thay-doi-dia-diem-dat-tru-so-chi-nhanh-tay-thang-long.chn?utm_source=du-lieu
117,(31/10/2024 00:00),CTG: Thông báo của HNX về việc hủy niêm yết Trái phiếu CTG121030,https://cafef.vn/du-lieu/CTG-2077809/ctg-thong-bao-cua-hnx-ve-viec-huy-niem-yet-trai-phieu-ctg121030.chn?utm_source=du-lieu
118,(18/10/2024 17:11),Chân dung Tân Tổng giám đốc 8x của VietinBank: Từ nhân viên quan hệ khách hàng sau 20 năm trở thành CEO 'Big 4',https://cafef.vn/chan-dung-tan-tong-giam-doc-8x-cua-vietinbank-tu-nhan-vien-quan-he-khach-hang-sau-20-nam-tro-thanh-ceo-big-4-188241018151131535.chn?utm_source=du-lieu
119,(18/10/2024 00:00),CTG: Nghị quyết và Biên bản họp ĐHĐCĐ bất thường năm 2024,https://cafef.vn/du-lieu/CTG-2071377/ctg-nghi-quyet-va-bien-ban-hop-dhdcd-bat-thuong-nam-2024.chn?utm_source=du-lieu
120,(18/10/2024 00:00),"CTG: Bổ nhiệm ông Nguyễn Trần Mạnh Trung giữ chức Tổng giám đốc kiêm thành viên HĐQT, ông Nguyễn Việt Dũng làm thành viên HĐQT từ 17.10.2024",https://cafef.vn/du-lieu/CTG-2071378/ctg-bo-nhiem-ong-nguyen-tran-manh-trung-giu-chuc-tong-giam-doc-kiem-thanh-vien-hdqt-ong-nguyen-viet-dung-lam-thanh-vien-hdqt-tu-17102024.chn?utm_source=du-lieu
121,(16/10/2024 00:00),"CTG: Cập nhật, bổ sung tài liệu họp ĐHĐCĐ bất thường năm 2024",https://cafef.vn/du-lieu/CTG-2070132/ctg-cap-nhat-bo-sung-tai-lieu-hop-dhdcd-bat-thuong-nam-2024.chn?utm_source=du-lieu
122,(15/10/2024 00:00),CTG: HĐQT thông qua hợp đồng bảo hiểm D&O với VBI,https://cafef.vn/du-lieu/CTG-2069476/ctg-hdqt-thong-qua-hop-dong-bao-hiem-do-voi-vbi.chn?utm_source=du-lieu
123,(09/10/2024 00:00),"CTG: Nghị quyết HĐQT phê duyệt, công bố chính thức các chỉ tiêu kế hoạch kinh doanh năm 2024",https://cafef.vn/du-lieu/CTG-2066737/ctg-nghi-quyet-hdqt-phe-duyet-cong-bo-chinh-thuc-cac-chi-tieu-ke-hoach-kinh-doanh-nam-2024.chn?utm_source=du-lieu
124,(01/10/2024 00:00),CTG: HĐQT thông qua Hợp đồng Bảo hiểm mọi rủi ro tài sản bao gồm cháy nổ bắt buộc giữa VietinBank với VBI,https://cafef.vn/du-lieu/CTG-2061990/ctg-hdqt-thong-qua-hop-dong-bao-hiem-moi-rui-ro-tai-san-bao-gom-chay-no-bat-buoc-giua-vietinbank-voi-vbi.chn?utm_source=du-lieu
125,(26/09/2024 00:00),CTG: Thông báo tài liệu họp ĐHĐCĐ bất thường năm 2024,https://cafef.vn/du-lieu/CTG-2059715/ctg-thong-bao-tai-lieu-hop-dhdcd-bat-thuong-nam-2024.chn?utm_source=du-lieu
126,(17/09/2024 00:00),CTG: Quyết định về việc thay đổi địa điểm trụ sở Chi nhánh Cần Thơ,https://cafef.vn/du-lieu/CTG-2055616/ctg-quyet-dinh-ve-viec-thay-doi-dia-diem-tru-so-chi-nhanh-can-tho.chn?utm_source=du-lieu
127,(12/09/2024 00:00),"CTG: HĐQT thông qua văn bản sửa đổi, bổ sung hợp đồng đại lý bảo hiểm giữa Vietinbank với VBI",https://cafef.vn/du-lieu/CTG-2053207/ctg-hdqt-thong-qua-van-ban-sua-doi-bo-sung-hop-dong-dai-ly-bao-hiem-giua-vietinbank-voi-vbi.chn?utm_source=du-lieu
128,(10/09/2024 00:00),CTG: HĐQT thông qua hợp đồng bảo hiểm hàng hóa vận chuyển với VBI,https://cafef.vn/du-lieu/CTG-2051682/ctg-hdqt-thong-qua-hop-dong-bao-hiem-hang-hoa-van-chuyen-voi-vbi.chn?utm_source=du-lieu
129,(10/09/2024 00:00),"CTG: HĐQT thông qua văn bản sửa đổi, bổ sung hợp đồng ủy quyền bán vàng miếng với VGJ",https://cafef.vn/du-lieu/CTG-2051721/ctg-hdqt-thong-qua-van-ban-sua-doi-bo-sung-hop-dong-uy-quyen-ban-vang-mieng-voi-vgj.chn?utm_source=du-lieu
130,(10/09/2024 00:00),CTG: HĐQT thông qua các hợp đồng với VGJ,https://cafef.vn/du-lieu/CTG-2051723/ctg-hdqt-thong-qua-cac-hop-dong-voi-vgj.chn?utm_source=du-lieu
131,(30/08/2024 10:28),"Công bố Top 20 ngân hàng nộp ngân sách lớn nhất thuộc danh sách VNTAX 200: Gồm cả khối nhà nước, tư nhân, nước ngoài",https://cafef.vn/cong-bo-top-20-ngan-hang-nop-ngan-sach-lon-nhat-thuoc-danh-sach-vntax-200-gom-ca-khoi-nha-nuoc-tu-nhan-nuoc-ngoai-188240830102146924.chn?utm_source=du-lieu
132,(30/08/2024 00:00),CTG: HĐQT thông qua hợp đồng khung tiền gửi bằng VND với MUFG - CN. TPHCM,https://cafef.vn/du-lieu/CTG-2048171/ctg-hdqt-thong-qua-hop-dong-khung-tien-gui-bang-vnd-voi-mufg-cn-tphcm.chn?utm_source=du-lieu
133,(30/08/2024 00:00),CTG: HĐQT thông qua các hợp đồng hạn mức GD trên thị trường liên ngân hàng với MUFG - CN. TPHCM,https://cafef.vn/du-lieu/CTG-2048172/ctg-hdqt-thong-qua-cac-hop-dong-han-muc-gd-tren-thi-truong-lien-ngan-hang-voi-mufg-cn-tphcm.chn?utm_source=du-lieu
134,(30/08/2024 00:00),CTG: HĐQT thông qua hợp đồng cung cấp dịch vụ Ngân hàng quyết toán quốc tế cho các GD thanh toán song phương Việt Nam-Lào bằng mã QRPAY,https://cafef.vn/du-lieu/CTG-2048314/ctg-hdqt-thong-qua-hop-dong-cung-cap-dich-vu-ngan-hang-quyet-toan-quoc-te-cho-cac-gd-thanh-toan-song-phuong-viet-namlao-bang-ma-qrpay.chn?utm_source=du-lieu
135,(30/08/2024 00:00),"CTG: 13.9.2024, ngày GDKHQ tổ chức ĐHĐCĐ bất thường năm 2024",https://cafef.vn/du-lieu/CTG-2048801/ctg-1392024-ngay-gdkhq-to-chuc-dhdcd-bat-thuong-nam-2024.chn?utm_source=du-lieu
136,(29/08/2024 00:00),CTG: Nghị quyết HĐQT phê duyệt điều chỉnh phương án phát hành trái phiếu tăng vốn cấp 2 theo hình thức riêng lẻ,https://cafef.vn/du-lieu/CTG-2048847/ctg-nghi-quyet-hdqt-phe-duyet-dieu-chinh-phuong-an-phat-hanh-trai-phieu-tang-von-cap-2-theo-hinh-thuc-rieng-le.chn?utm_source=du-lieu
137,(26/08/2024 00:00),CTG: Nghị quyết HĐQT về việc phê duyệt tổ chức ĐHĐCĐ bất thường 2024,https://cafef.vn/du-lieu/CTG-2044752/ctg-nghi-quyet-hdqt-ve-viec-phe-duyet-to-chuc-dhdcd-bat-thuong-2024.chn?utm_source=du-lieu
138,(23/08/2024 00:00),CTG: HĐQT thông qua hợp đồng bảo hiểm tiền với VBI,https://cafef.vn/du-lieu/CTG-2044090/ctg-hdqt-thong-qua-hop-dong-bao-hiem-tien-voi-vbi.chn?utm_source=du-lieu
139,(21/08/2024 00:00),CTG: HĐQT thông qua các Phụ lục hợp đồng ủy quyền bán vàng miếng,https://cafef.vn/du-lieu/CTG-2042571/ctg-hdqt-thong-qua-cac-phu-luc-hop-dong-uy-quyen-ban-vang-mieng.chn?utm_source=du-lieu
140,(15/08/2024 07:00),"Vắng 2 công ty họ ""V"", lần đầu tiên trong lịch sử top 5 doanh nghiệp lớn nhất TTCK đều là các đơn vị do nhà nước nắm chi phối",https://cafef.vn/vang-2-cong-ty-ho-v-lan-dau-tien-trong-lich-su-top-5-doanh-nghiep-lon-nhat-ttck-deu-la-cac-don-vi-do-nha-nuoc-nam-chi-phoi-18824081501484503.chn?utm_source=du-lieu
141,(13/08/2024 00:00),CTG: HĐQT thông qua các hợp đồng hạn mức GD trên thị trường liên ngân hàng với Indovina Bank,https://cafef.vn/du-lieu/CTG-2038482/ctg-hdqt-thong-qua-cac-hop-dong-han-muc-gd-tren-thi-truong-lien-ngan-hang-voi-indovina-bank.chn?utm_source=du-lieu
142,(09/08/2024 00:00),CTG: HĐQT thông qua hợp đồng bảo hiểm sức khỏe Premier VBI Care với VBI,https://cafef.vn/du-lieu/CTG-2037436/ctg-hdqt-thong-qua-hop-dong-bao-hiem-suc-khoe-premier-vbi-care-voi-vbi.chn?utm_source=du-lieu
143,(02/08/2024 00:00),CTG: HĐQT thông qua phụ lục hợp đồng hợp tác giữa Vietinbank với CTS,https://cafef.vn/du-lieu/CTG-2033849/ctg-hdqt-thong-qua-phu-luc-hop-dong-hop-tac-giua-vietinbank-voi-cts.chn?utm_source=du-lieu
144,(30/07/2024 00:00),CTG: Báo cáo tình hình quản trị công ty 6 tháng đầu năm 2024,https://cafef.vn/du-lieu/CTG-2032056/ctg-bao-cao-tinh-hinh-quan-tri-cong-ty-6-thang-dau-nam-2024.chn?utm_source=du-lieu
145,(25/07/2024 00:00),CTG: HĐQT thông qua hợp đồng tư vấn và đại lý về phát hành trái phiếu ra công chúng năm 2024 với CTS,https://cafef.vn/du-lieu/CTG-2028948/ctg-hdqt-thong-qua-hop-dong-tu-van-va-dai-ly-ve-phat-hanh-trai-phieu-ra-cong-chung-nam-2024-voi-cts.chn?utm_source=du-lieu
146,(23/07/2024 00:00),"CTG: Báo cáo định kỳ tình hình thanh toán gốc, lãi trái phiếu doanh nghiệp 6 tháng đầu năm 2024",https://cafef.vn/du-lieu/CTG-2027481/ctg-bao-cao-dinh-ky-tinh-hinh-thanh-toan-goc-lai-trai-phieu-doanh-nghiep-6-thang-dau-nam-2024.chn?utm_source=du-lieu
147,(04/07/2024 00:00),"CTG: Nghị quyết HĐQT thông qua phương án phát hành, sử dụng và trả nợ thu được từ các đợt phát hành TP năm 2024",https://cafef.vn/du-lieu/CTG-2019094/ctg-nghi-quyet-hdqt-thong-qua-phuong-an-phat-hanh-su-dung-va-tra-no-thu-duoc-tu-cac-dot-phat-hanh-tp-nam-2024.chn?utm_source=du-lieu
148,(02/07/2024 00:00),CTG: Nghị quyết HĐQT phê duyệt chủ trương thay đổi địa điểm đặt trụ sở Chi nhánh Ngô Quyền,https://cafef.vn/du-lieu/CTG-2017204/ctg-nghi-quyet-hdqt-phe-duyet-chu-truong-thay-doi-dia-diem-dat-tru-so-chi-nhanh-ngo-quyen.chn?utm_source=du-lieu
149,(02/07/2024 00:00),CTG: Nghị quyết HĐQT phê duyệt chủ trương thay đổi địa điểm đặt trụ sở Chi nhánh Cần Thơ,https://cafef.vn/du-lieu/CTG-2017206/ctg-nghi-quyet-hdqt-phe-duyet-chu-truong-thay-doi-dia-diem-dat-tru-so-chi-nhanh-can-tho.chn?utm_source=du-lieu
150,(28/06/2024 00:00),CTG: Nghị quyết HĐQT thông qua hợp đồng giao dịch với Công ty con,https://cafef.vn/du-lieu/CTG-2015196/ctg-nghi-quyet-hdqt-thong-qua-hop-dong-giao-dich-voi-cong-ty-con.chn?utm_source=du-lieu
151,(26/06/2024 00:00),CTG: Quyết định về việc thay đổi địa điểm Chi nhánh 11 Tp. Hồ Chí Minh,https://cafef.vn/du-lieu/CTG-2014259/ctg-quyet-dinh-ve-viec-thay-doi-dia-diem-chi-nhanh-11-tp-ho-chi-minh.chn?utm_source=du-lieu
152,(25/06/2024 00:00),CTG: Quy chế tổ chức và hoạt động của HĐQT,https://cafef.vn/du-lieu/CTG-2013645/ctg-quy-che-to-chuc-va-hoat-dong-cua-hdqt.chn?utm_source=du-lieu
153,(25/06/2024 00:00),CTG: Quy chế tổ chức và hoạt động của BKS,https://cafef.vn/du-lieu/CTG-2013646/ctg-quy-che-to-chuc-va-hoat-dong-cua-bks.chn?utm_source=du-lieu
154,(25/06/2024 00:00),CTG: Điều lệ công ty sửa đổi 2024,https://cafef.vn/du-lieu/CTG-2013649/ctg-dieu-le-cong-ty-sua-doi-2024.chn?utm_source=du-lieu
155,(18/06/2024 00:00),CTG: Nghị quyết HĐQT thông qua hợp đồng hạn mức giao dịch với VietinBank Leasing,https://cafef.vn/du-lieu/CTG-2009906/ctg-nghi-quyet-hdqt-thong-qua-hop-dong-han-muc-giao-dich-voi-vietinbank-leasing.chn?utm_source=du-lieu
156,(06/06/2024 00:00),CTG: Nghị quyết HĐQT phê duyệt phương án phát hành trái phiếu tăng vốn cấp 2 theo hình thức riêng lẻ năm 2024,https://cafef.vn/du-lieu/CTG-2003944/ctg-nghi-quyet-hdqt-phe-duyet-phuong-an-phat-hanh-trai-phieu-tang-von-cap-2-theo-hinh-thuc-rieng-le-nam-2024.chn?utm_source=du-lieu
157,(31/05/2024 00:00),CTG: HĐQT thông qua hợp đồng ủy quyền bán vàng miếng với VietinBank Gold,https://cafef.vn/du-lieu/CTG-2001386/ctg-hdqt-thong-qua-hop-dong-uy-quyen-ban-vang-mieng-voi-vietinbank-gold.chn?utm_source=du-lieu
158,(31/05/2024 00:00),CTG: HĐQT thông qua hợp đồng triển khai dịch vụ thu hộ qua tài khoản định danh với CTS,https://cafef.vn/du-lieu/CTG-2001388/ctg-hdqt-thong-qua-hop-dong-trien-khai-dich-vu-thu-ho-qua-tai-khoan-dinh-danh-voi-cts.chn?utm_source=du-lieu
159,(29/05/2024 00:00),CTG: Nghị quyết HĐQT về việc thay đổi địa điểm CN 11 TP. Hồ Chí Minh,https://cafef.vn/du-lieu/CTG-1999444/ctg-nghi-quyet-hdqt-ve-viec-thay-doi-dia-diem-cn-11-tp-ho-chi-minh.chn?utm_source=du-lieu
160,(08/05/2024 00:00),"CTG: Nghị quyết HĐQT thông qua Văn bản sửa đổi, bổ sung Hợp đồng đại lý bảo hiểm với VBI",https://cafef.vn/du-lieu/CTG-1989151/ctg-nghi-quyet-hdqt-thong-qua-van-ban-sua-doi-bo-sung-hop-dong-dai-ly-bao-hiem-voi-vbi.chn?utm_source=du-lieu
161,(03/05/2024 00:00),CTG: Em rể ông Đỗ Thanh Sơn - Phó Tổng giám đốc đã mua 5.000 cp,https://cafef.vn/du-lieu/CTG-1988031/ctg-em-re-ong-do-thanh-son-pho-tong-giam-doc-da-mua-5000-cp.chn?utm_source=du-lieu
162,(02/05/2024 00:00),CTG: Biên bản họp và Nghị quyết ĐHĐCĐ thường niên năm 2024,https://cafef.vn/du-lieu/CTG-1986513/ctg-bien-ban-hop-va-nghi-quyet-dhdcd-thuong-nien-nam-2024.chn?utm_source=du-lieu
163,(02/05/2024 00:00),"CTG: Thông báo cập nhật, bổ sung Tài liệu ĐHĐCĐ thường niên năm 2024",https://cafef.vn/du-lieu/CTG-1986551/ctg-thong-bao-cap-nhat-bo-sung-tai-lieu-dhdcd-thuong-nien-nam-2024.chn?utm_source=du-lieu
164,(02/05/2024 00:00),CTG: Thông báo thay đổi nhân sự nhiệm kỳ 2024-2029,https://cafef.vn/du-lieu/CTG-2010322/ctg-thong-bao-thay-doi-nhan-su-nhiem-ky-20242029.chn?utm_source=du-lieu
165,(27/04/2024 10:07),"ĐHĐCĐ VietinBank: Bầu HĐQT, BKS nhiệm kỳ mới 2024-2029",https://cafef.vn/dhdcd-vietinbank-bau-hdqt-bks-nhiem-ky-moi-20242029-188240427100752836.chn?utm_source=du-lieu
166,(24/04/2024 00:00),CTG: Miễn nhiệm bà Trần Thu Huyền - thành viên HĐQT từ 23.4.2024,https://cafef.vn/du-lieu/CTG-1982689/ctg-mien-nhiem-ba-tran-thu-huyen-thanh-vien-hdqt-tu-2342024.chn?utm_source=du-lieu
167,(23/04/2024 00:00),CTG: Thông báo ký hợp đồng kiểm toán BCTC 2024,https://cafef.vn/du-lieu/CTG-1982019/ctg-thong-bao-ky-hop-dong-kiem-toan-bctc-2024.chn?utm_source=du-lieu
168,(17/04/2024 00:00),CTG: Quyết định thay đổi địa điểm trụ sở chi nhánh KCN Trảng Bàng,https://cafef.vn/du-lieu/CTG-1979021/ctg-quyet-dinh-thay-doi-dia-diem-tru-so-chi-nhanh-kcn-trang-bang.chn?utm_source=du-lieu
169,(08/04/2024 16:34),VietinBank hé lộ kế hoạch chia cổ tức trong năm 2024,https://cafef.vn/vietinbank-he-lo-ke-hoach-chia-co-tuc-trong-nam-2024-188240408163452302.chn?utm_source=du-lieu
170,(05/04/2024 00:00),CTG: Tài liệu họp ĐHĐCĐ thường niên năm 2024 và nhiệm kỳ 2024-2029,https://cafef.vn/du-lieu/CTG-1972074/ctg-tai-lieu-hop-dhdcd-thuong-nien-nam-2024-va-nhiem-ky-20242029.chn?utm_source=du-lieu
171,(28/03/2024 15:15),"VietinBank chuẩn bị bầu HĐQT, BKS nhiệm kỳ mới 2024-2029",https://cafef.vn/vietinbank-chuan-bi-bau-hdqt-bks-nhiem-ky-moi-20242029-188240328151531754.chn?utm_source=du-lieu
172,(28/03/2024 00:00),CTG: Miễn nhiệm ông Hoàng Ngọc Phương - Phó Tổng giám đốc từ 28.3.2024,https://cafef.vn/du-lieu/CTG-1968944/ctg-mien-nhiem-ong-hoang-ngoc-phuong-pho-tong-giam-doc-tu-2832024.chn?utm_source=du-lieu
173,(25/03/2024 00:00),CTG: Bổ nhiệm ông Trần Minh Đức phụ trách quản trị kiêm Thư ký công ty từ 22.3.2024,https://cafef.vn/du-lieu/CTG-1965496/ctg-bo-nhiem-ong-tran-minh-duc-phu-trach-quan-tri-kiem-thu-ky-cong-ty-tu-2232024.chn?utm_source=du-lieu
174,(22/03/2024 00:00),"CTG: HĐQT thông qua hợp đồng cấp bảo lãnh, hợp đồng thế chấp tài sản và hợp đồng cầm cố giấy tờ có giá với VBI",https://cafef.vn/du-lieu/CTG-1964615/ctg-hdqt-thong-qua-hop-dong-cap-bao-lanh-hop-dong-the-chap-tai-san-va-hop-dong-cam-co-giay-to-co-gia-voi-vbi.chn?utm_source=du-lieu
175,(22/03/2024 00:00),CTG: Quyết định của HĐQT về việc thay đổi địa điểm trụ sở Chi nhánh Lưu Xá,https://cafef.vn/du-lieu/CTG-1964685/ctg-quyet-dinh-cua-hdqt-ve-viec-thay-doi-dia-diem-tru-so-chi-nhanh-luu-xa.chn?utm_source=du-lieu
176,(20/03/2024 00:00),CTG: Nghị quyết HĐQT phê duyệt chủ trương thay đổi địa điểm đặt trụ sở Chi nhánh Lưu Xá,https://cafef.vn/du-lieu/CTG-1962925/ctg-nghi-quyet-hdqt-phe-duyet-chu-truong-thay-doi-dia-diem-dat-tru-so-chi-nhanh-luu-xa.chn?utm_source=du-lieu
177,(15/03/2024 00:00),CTG: Nghị quyết HĐQT phê duyệt chủ trương thay đổi địa điểm trụ sở chi nhánh Tây Thăng Long,https://cafef.vn/du-lieu/CTG-1960437/ctg-nghi-quyet-hdqt-phe-duyet-chu-truong-thay-doi-dia-diem-tru-so-chi-nhanh-tay-thang-long.chn?utm_source=du-lieu
178,(12/03/2024 00:00),"CTG: 25.3.2024, ngày GDKHQ tham dự ĐHCĐ thường niên năm 2024 và nhiệm kỳ 2024-2029",https://cafef.vn/du-lieu/CTG-1958541/ctg-2532024-ngay-gdkhq-tham-du-dhcd-thuong-nien-nam-2024-va-nhiem-ky-20242029.chn?utm_source=du-lieu
179,(08/03/2024 00:00),"CTG: Nghị quyết HĐQT phê duyệt chiến lược phát triển giai đoạn 2021-2025, tầm nhìn đến năm 2030",https://cafef.vn/du-lieu/CTG-1956793/ctg-nghi-quyet-hdqt-phe-duyet-chien-luoc-phat-trien-giai-doan-20212025-tam-nhin-den-nam-2030.chn?utm_source=du-lieu
180,(07/03/2024 00:00),CTG: HĐQT thông qua hợp đồng hạn mức giao dịch ngoại tệ với Vietinbank Lào,https://cafef.vn/du-lieu/CTG-1956955/ctg-hdqt-thong-qua-hop-dong-han-muc-giao-dich-ngoai-te-voi-vietinbank-lao.chn?utm_source=du-lieu
181,(07/03/2024 00:00),CTG: Quyết định của TGĐ về việc thay đổi tên Chi nhánh Vân Đồn,https://cafef.vn/du-lieu/CTG-1956957/ctg-quyet-dinh-cua-tgd-ve-viec-thay-doi-ten-chi-nhanh-van-don.chn?utm_source=du-lieu
182,(05/03/2024 00:00),CTG: Nghị quyết HĐQT tổ chức ĐHĐCĐ thường niên 2024,https://cafef.vn/du-lieu/CTG-1954781/ctg-nghi-quyet-hdqt-to-chuc-dhdcd-thuong-nien-2024.chn?utm_source=du-lieu
183,(28/02/2024 00:02),"Tổng vốn hóa “Big 3” ngân hàng Vietcombank, BIDV và VietinBank vượt 1 triệu tỷ đồng, chiếm 1/5 giá trị toàn sàn HoSE",https://cafef.vn/tong-von-hoa-big-3-ngan-hang-vietcombank-bidv-va-vietinbank-vuot-1-trieu-ty-dong-chiem-15-gia-tri-toan-san-hose-188240227210619135.chn?utm_source=du-lieu
184,(23/02/2024 00:00),CTG: Nghị quyết HĐQT thông qua phương án phân phối lợi nhuận năm 2022,https://cafef.vn/du-lieu/CTG-1949590/ctg-nghi-quyet-hdqt-thong-qua-phuong-an-phan-phoi-loi-nhuan-nam-2022.chn?utm_source=du-lieu
185,(01/02/2024 00:00),CTG: HĐQT thông qua văn bản sửa đổi hợp đồng kết nối với Vietinbank Capital,https://cafef.vn/du-lieu/CTG-1941241/ctg-hdqt-thong-qua-van-ban-sua-doi-hop-dong-ket-noi-voi-vietinbank-capital.chn?utm_source=du-lieu
186,(31/01/2024 15:03),"VietinBank bão lãi trước thuế năm 2023 hơn 25.000 tỷ đồng, tổng tài sản vượt 2 triệu tỷ, CASA lọt Top 5 toàn ngành",https://cafef.vn/vietinbank-bao-lai-truoc-thue-nam-2023-hon-25000-ty-dong-tong-tai-san-vuot-2-trieu-ty-casa-lot-top-5-toan-nganh-188240131152354292.chn?utm_source=du-lieu
187,(31/01/2024 00:00),CTG: Điều chỉnh hồi tố số liệu BCTC kiểm toán năm 2022 theo kiểm toán nhà nước,https://cafef.vn/du-lieu/CTG-1940349/ctg-dieu-chinh-hoi-to-so-lieu-bctc-kiem-toan-nam-2022-theo-kiem-toan-nha-nuoc.chn?utm_source=du-lieu
188,(29/01/2024 00:00),"CTG: Báo cáo định kỳ tình hình thanh toán gốc, lãi TPDN phát hành ra công chúng",https://cafef.vn/du-lieu/CTG-1940311/ctg-bao-cao-dinh-ky-tinh-hinh-thanh-toan-goc-lai-tpdn-phat-hanh-ra-cong-chung.chn?utm_source=du-lieu
189,(22/01/2024 00:00),CTG: Báo cáo tiến độ sử dụng vốn thu được từ đợt chào bán trái phiếu ra công chúng trong năm 2023,https://cafef.vn/du-lieu/CTG-1934407/ctg-bao-cao-tien-do-su-dung-von-thu-duoc-tu-dot-chao-ban-trai-phieu-ra-cong-chung-trong-nam-2023.chn?utm_source=du-lieu
190,(12/01/2024 00:00),CTG: Thông báo của HSX về việc giao dịch cổ phiếu thay đổi đăng ký niêm yết,https://cafef.vn/du-lieu/CTG-1929389/ctg-thong-bao-cua-hsx-ve-viec-giao-dich-co-phieu-thay-doi-dang-ky-niem-yet.chn?utm_source=du-lieu
191,(11/01/2024 00:00),CTG: Thông báo thay đổi giấy chứng nhận ĐKDN lần thứ 13,https://cafef.vn/du-lieu/CTG-1929207/ctg-thong-bao-thay-doi-giay-chung-nhan-dkdn-lan-thu-13.chn?utm_source=du-lieu
192,(10/01/2024 15:50),"Cổ phiếu CTG tăng “bốc đầu”, vốn hóa VietinBank vượt VinGroup",https://cafef.vn/co-phieu-ctg-tang-boc-dau-von-hoa-vietinbank-vuot-vingroup-188240110155133529.chn?utm_source=du-lieu
193,(10/01/2024 00:01),"Ngân hàng Việt “bắt tay” các định chế tài chính hàng đầu Nhật Bản, Hàn Quốc, Singapore: Vietcombank, VietinBank, BIDV đều tăng trưởng mạnh mẽ, cổ đông chiến lược thắng lớn, thậm chí lãi gấp nhiều lần",https://cafef.vn/ngan-hang-viet-bat-tay-cac-dinh-che-tai-chinh-hang-dau-nhat-ban-han-quoc-singapore-vietcombank-vietinbank-bidv-deu-tang-truong-manh-me-co-dong-chien-luoc-thang-lon-tham-chi-lai-gap-nhieu-lan-188240109233530984.chn?utm_source=du-lieu
194,(10/01/2024 00:00),CTG: Quyết định của NHNNVN về việc sửa đổi nội dung vốn điều lệ tại Giấy phép hoạt động của CTG,https://cafef.vn/du-lieu/CTG-1928613/ctg-quyet-dinh-cua-nhnnvn-ve-viec-sua-doi-noi-dung-von-dieu-le-tai-giay-phep-hoat-dong-cua-ctg.chn?utm_source=du-lieu
195,(09/01/2024 00:00),CTG: Quyết định của TGĐ về việc thay đổi địa điểm trụ sở Chi nhánh Sầm Sơn,https://cafef.vn/du-lieu/CTG-1928069/ctg-quyet-dinh-cua-tgd-ve-viec-thay-doi-dia-diem-tru-so-chi-nhanh-sam-son.chn?utm_source=du-lieu
196,(06/01/2024 09:39),"VietinBank hoàn thành kế hoạch lợi nhuận năm 2023, tỷ lệ nợ xấu thấp chỉ 1,15%",https://cafef.vn/vietinbank-hoan-thanh-ke-hoach-loi-nhuan-nam-2023-ty-le-no-xau-thap-chi-115-188240106100143798.chn?utm_source=du-lieu
197,(05/01/2024 00:00),CTG: CBTT ngày giao dịch đầu tiên trái phiếu niêm yết tại HNX,https://cafef.vn/du-lieu/CTG-1926182/ctg-cbtt-ngay-giao-dich-dau-tien-trai-phieu-niem-yet-tai-hnx.chn?utm_source=du-lieu
198,(05/01/2024 00:00),"CTG: 16.1.2024, giao dịch 564.241.139 cp niêm yết bổ sung",https://cafef.vn/du-lieu/CTG-1926214/ctg-1612024-giao-dich-564241139-cp-niem-yet-bo-sung.chn?utm_source=du-lieu
199,(03/01/2024 00:00),"CTG: 4.1.2024, niêm yết bổ sung 564.241.139 cp",https://cafef.vn/du-lieu/CTG-1924530/ctg-412024-niem-yet-bo-sung-564241139-cp.chn?utm_source=du-lieu
200,(03/01/2024 00:00),CTG: Quyết định của HOSE về việc thay đổi niêm yết cổ phiếu,https://cafef.vn/du-lieu/CTG-1924794/ctg-quyet-dinh-cua-hose-ve-viec-thay-doi-niem-yet-co-phieu.chn?utm_source=du-lieu
201,(02/01/2024 00:00),CTG: CBTT nhận được Quyết định của HNX về việc chấp thuận niêm yết trái phiếu VietinBank,https://cafef.vn/du-lieu/CTG-1924482/ctg-cbtt-nhan-duoc-quyet-dinh-cua-hnx-ve-viec-chap-thuan-niem-yet-trai-phieu-vietinbank.chn?utm_source=du-lieu
202,(02/01/2024 00:00),CTG123033: CBTT nhận được Quyết định của HNX về việc chấp thuận niêm yết trái phiếu VietinBank,https://cafef.vn/du-lieu/CTG-1924484/ctg123033-cbtt-nhan-duoc-quyet-dinh-cua-hnx-ve-viec-chap-thuan-niem-yet-trai-phieu-vietinbank.chn?utm_source=du-lieu
